employee_id,date,scheduled_hours,actual_hours_worked
E001,2025-01-01,8,4
E001,2025-01-02,8,3
E001,2025-01-03,8,6
E001,2025-01-04,8,5
E001,2025-01-05,8,5
E001,2025-01-06,8,8
E001,2025-01-07,8,0
E001,2025-01-08,8,3
E001,2025-01-09,8,5
E001,2025-01-10,8,7
E001,2025-01-11,8,3
E001,2025-01-12,8,7
E001,2025-01-13,8,0
E001,2025-01-14,8,8
E001,2025-01-15,8,6
E001,2025-01-16,8,6
E001,2025-01-17,8,5
E001,2025-01-18,8,8
E001,2025-01-19,8,0
E001,2025-01-20,8,7
E001,2025-01-21,8,5
E001,2025-01-22,8,0
E001,2025-01-23,8,8
E001,2025-01-24,8,7
E001,2025-01-25,8,8
E001,2025-01-26,8,8
E001,2025-01-27,8,7
E001,2025-01-28,8,8
E001,2025-01-29,8,0
E001,2025-01-30,8,6
E002,2025-01-01,8,7
E002,2025-01-02,8,4
E002,2025-01-03,8,0
E002,2025-01-04,8,0
E002,2025-01-05,8,7
E002,2025-01-06,8,6
E002,2025-01-07,8,5
E002,2025-01-08,8,4
E002,2025-01-09,8,0
E002,2025-01-10,8,6
E002,2025-01-11,8,0
E002,2025-01-12,8,0
E002,2025-01-13,8,7
E002,2025-01-14,8,0
E002,2025-01-15,8,8
E002,2025-01-16,8,5
E002,2025-01-17,8,3
E002,2025-01-18,8,8
E002,2025-01-19,8,4
E002,2025-01-20,8,4
E002,2025-01-21,8,3
E002,2025-01-22,8,6
E002,2025-01-23,8,6
E002,2025-01-24,8,0
E002,2025-01-25,8,8
E002,2025-01-26,8,0
E002,2025-01-27,8,0
E002,2025-01-28,8,0
E002,2025-01-29,8,4
E002,2025-01-30,8,3
E003,2025-01-01,8,0
E003,2025-01-02,8,4
E003,2025-01-03,8,0
E003,2025-01-04,8,7
E003,2025-01-05,8,3
E003,2025-01-06,8,0
E003,2025-01-07,8,6
E003,2025-01-08,8,6
E003,2025-01-09,8,0
E003,2025-01-10,8,0
E003,2025-01-11,8,8
E003,2025-01-12,8,0
E003,2025-01-13,8,0
E003,2025-01-14,8,4
E003,2025-01-15,8,7
E003,2025-01-16,8,0
E003,2025-01-17,8,5
E003,2025-01-18,8,0
E003,2025-01-19,8,8
E003,2025-01-20,8,4
E003,2025-01-21,8,5
E003,2025-01-22,8,7
E003,2025-01-23,8,4
E003,2025-01-24,8,4
E003,2025-01-25,8,0
E003,2025-01-26,8,8
E003,2025-01-27,8,3
E003,2025-01-28,8,0
E003,2025-01-29,8,0
E003,2025-01-30,8,7
E004,2025-01-01,8,0
E004,2025-01-02,8,0
E004,2025-01-03,8,4
E004,2025-01-04,8,0
E004,2025-01-05,8,0
E004,2025-01-06,8,7
E004,2025-01-07,8,0
E004,2025-01-08,8,0
E004,2025-01-09,8,5
E004,2025-01-10,8,6
E004,2025-01-11,8,0
E004,2025-01-12,8,6
E004,2025-01-13,8,5
E004,2025-01-14,8,0
E004,2025-01-15,8,0
E004,2025-01-16,8,6
E004,2025-01-17,8,8
E004,2025-01-18,8,0
E004,2025-01-19,8,6
E004,2025-01-20,8,7
E004,2025-01-21,8,6
E004,2025-01-22,8,3
E004,2025-01-23,8,0
E004,2025-01-24,8,6
E004,2025-01-25,8,3
E004,2025-01-26,8,6
E004,2025-01-27,8,4
E004,2025-01-28,8,0
E004,2025-01-29,8,5
E004,2025-01-30,8,0
E005,2025-01-01,8,6
E005,2025-01-02,8,3
E005,2025-01-03,8,0
E005,2025-01-04,8,8
E005,2025-01-05,8,5
E005,2025-01-06,8,8
E005,2025-01-07,8,8
E005,2025-01-08,8,3
E005,2025-01-09,8,4
E005,2025-01-10,8,7
E005,2025-01-11,8,4
E005,2025-01-12,8,6
E005,2025-01-13,8,7
E005,2025-01-14,8,6
E005,2025-01-15,8,5
E005,2025-01-16,8,7
E005,2025-01-17,8,4
E005,2025-01-18,8,3
E005,2025-01-19,8,5
E005,2025-01-20,8,0
E005,2025-01-21,8,0
E005,2025-01-22,8,3
E005,2025-01-23,8,3
E005,2025-01-24,8,8
E005,2025-01-25,8,7
E005,2025-01-26,8,5
E005,2025-01-27,8,0
E005,2025-01-28,8,3
E005,2025-01-29,8,3
E005,2025-01-30,8,0
E006,2025-01-01,8,0
E006,2025-01-02,8,6
E006,2025-01-03,8,8
E006,2025-01-04,8,0
E006,2025-01-05,8,6
E006,2025-01-06,8,8
E006,2025-01-07,8,7
E006,2025-01-08,8,0
E006,2025-01-09,8,0
E006,2025-01-10,8,0
E006,2025-01-11,8,5
E006,2025-01-12,8,3
E006,2025-01-13,8,6
E006,2025-01-14,8,6
E006,2025-01-15,8,0
E006,2025-01-16,8,3
E006,2025-01-17,8,0
E006,2025-01-18,8,4
E006,2025-01-19,8,0
E006,2025-01-20,8,5
E006,2025-01-21,8,5
E006,2025-01-22,8,7
E006,2025-01-23,8,7
E006,2025-01-24,8,7
E006,2025-01-25,8,3
E006,2025-01-26,8,8
E006,2025-01-27,8,0
E006,2025-01-28,8,0
E006,2025-01-29,8,8
E006,2025-01-30,8,0
E007,2025-01-01,8,0
E007,2025-01-02,8,0
E007,2025-01-03,8,3
E007,2025-01-04,8,4
E007,2025-01-05,8,0
E007,2025-01-06,8,5
E007,2025-01-07,8,6
E007,2025-01-08,8,6
E007,2025-01-09,8,5
E007,2025-01-10,8,0
E007,2025-01-11,8,5
E007,2025-01-12,8,4
E007,2025-01-13,8,8
E007,2025-01-14,8,5
E007,2025-01-15,8,8
E007,2025-01-16,8,4
E007,2025-01-17,8,8
E007,2025-01-18,8,0
E007,2025-01-19,8,8
E007,2025-01-20,8,3
E007,2025-01-21,8,5
E007,2025-01-22,8,5
E007,2025-01-23,8,5
E007,2025-01-24,8,8
E007,2025-01-25,8,5
E007,2025-01-26,8,3
E007,2025-01-27,8,8
E007,2025-01-28,8,8
E007,2025-01-29,8,0
E007,2025-01-30,8,3
E008,2025-01-01,8,6
E008,2025-01-02,8,0
E008,2025-01-03,8,0
E008,2025-01-04,8,4
E008,2025-01-05,8,5
E008,2025-01-06,8,0
E008,2025-01-07,8,3
E008,2025-01-08,8,0
E008,2025-01-09,8,0
E008,2025-01-10,8,7
E008,2025-01-11,8,4
E008,2025-01-12,8,7
E008,2025-01-13,8,3
E008,2025-01-14,8,3
E008,2025-01-15,8,0
E008,2025-01-16,8,7
E008,2025-01-17,8,0
E008,2025-01-18,8,0
E008,2025-01-19,8,0
E008,2025-01-20,8,7
E008,2025-01-21,8,0
E008,2025-01-22,8,7
E008,2025-01-23,8,7
E008,2025-01-24,8,4
E008,2025-01-25,8,5
E008,2025-01-26,8,4
E008,2025-01-27,8,4
E008,2025-01-28,8,4
E008,2025-01-29,8,6
E008,2025-01-30,8,0
E009,2025-01-01,8,0
E009,2025-01-02,8,3
E009,2025-01-03,8,5
E009,2025-01-04,8,8
E009,2025-01-05,8,0
E009,2025-01-06,8,8
E009,2025-01-07,8,5
E009,2025-01-08,8,6
E009,2025-01-09,8,7
E009,2025-01-10,8,8
E009,2025-01-11,8,5
E009,2025-01-12,8,3
E009,2025-01-13,8,4
E009,2025-01-14,8,7
E009,2025-01-15,8,6
E009,2025-01-16,8,6
E009,2025-01-17,8,8
E009,2025-01-18,8,0
E009,2025-01-19,8,7
E009,2025-01-20,8,0
E009,2025-01-21,8,0
E009,2025-01-22,8,7
E009,2025-01-23,8,6
E009,2025-01-24,8,7
E009,2025-01-25,8,3
E009,2025-01-26,8,4
E009,2025-01-27,8,8
E009,2025-01-28,8,7
E009,2025-01-29,8,4
E009,2025-01-30,8,0
E010,2025-01-01,8,0
E010,2025-01-02,8,4
E010,2025-01-03,8,0
E010,2025-01-04,8,0
E010,2025-01-05,8,6
E010,2025-01-06,8,6
E010,2025-01-07,8,5
E010,2025-01-08,8,4
E010,2025-01-09,8,6
E010,2025-01-10,8,0
E010,2025-01-11,8,8
E010,2025-01-12,8,0
E010,2025-01-13,8,6
E010,2025-01-14,8,5
E010,2025-01-15,8,5
E010,2025-01-16,8,6
E010,2025-01-17,8,8
E010,2025-01-18,8,0
E010,2025-01-19,8,0
E010,2025-01-20,8,4
E010,2025-01-21,8,7
E010,2025-01-22,8,0
E010,2025-01-23,8,0
E010,2025-01-24,8,4
E010,2025-01-25,8,7
E010,2025-01-26,8,5
E010,2025-01-27,8,0
E010,2025-01-28,8,0
E010,2025-01-29,8,3
E010,2025-01-30,8,8
E011,2025-01-01,8,5
E011,2025-01-02,8,7
E011,2025-01-03,8,0
E011,2025-01-04,8,4
E011,2025-01-05,8,6
E011,2025-01-06,8,8
E011,2025-01-07,8,6
E011,2025-01-08,8,7
E011,2025-01-09,8,6
E011,2025-01-10,8,0
E011,2025-01-11,8,0
E011,2025-01-12,8,6
E011,2025-01-13,8,6
E011,2025-01-14,8,7
E011,2025-01-15,8,3
E011,2025-01-16,8,6
E011,2025-01-17,8,7
E011,2025-01-18,8,3
E011,2025-01-19,8,8
E011,2025-01-20,8,7
E011,2025-01-21,8,0
E011,2025-01-22,8,6
E011,2025-01-23,8,0
E011,2025-01-24,8,5
E011,2025-01-25,8,0
E011,2025-01-26,8,0
E011,2025-01-27,8,4
E011,2025-01-28,8,7
E011,2025-01-29,8,0
E011,2025-01-30,8,6
E012,2025-01-01,8,5
E012,2025-01-02,8,0
E012,2025-01-03,8,0
E012,2025-01-04,8,0
E012,2025-01-05,8,6
E012,2025-01-06,8,4
E012,2025-01-07,8,3
E012,2025-01-08,8,0
E012,2025-01-09,8,7
E012,2025-01-10,8,0
E012,2025-01-11,8,8
E012,2025-01-12,8,6
E012,2025-01-13,8,3
E012,2025-01-14,8,0
E012,2025-01-15,8,5
E012,2025-01-16,8,0
E012,2025-01-17,8,5
E012,2025-01-18,8,0
E012,2025-01-19,8,8
E012,2025-01-20,8,0
E012,2025-01-21,8,7
E012,2025-01-22,8,4
E012,2025-01-23,8,4
E012,2025-01-24,8,6
E012,2025-01-25,8,8
E012,2025-01-26,8,6
E012,2025-01-27,8,8
E012,2025-01-28,8,3
E012,2025-01-29,8,5
E012,2025-01-30,8,5
E013,2025-01-01,8,5
E013,2025-01-02,8,0
E013,2025-01-03,8,4
E013,2025-01-04,8,0
E013,2025-01-05,8,4
E013,2025-01-06,8,3
E013,2025-01-07,8,0
E013,2025-01-08,8,6
E013,2025-01-09,8,4
E013,2025-01-10,8,0
E013,2025-01-11,8,6
E013,2025-01-12,8,8
E013,2025-01-13,8,6
E013,2025-01-14,8,8
E013,2025-01-15,8,3
E013,2025-01-16,8,0
E013,2025-01-17,8,7
E013,2025-01-18,8,8
E013,2025-01-19,8,0
E013,2025-01-20,8,6
E013,2025-01-21,8,4
E013,2025-01-22,8,0
E013,2025-01-23,8,0
E013,2025-01-24,8,4
E013,2025-01-25,8,0
E013,2025-01-26,8,7
E013,2025-01-27,8,8
E013,2025-01-28,8,3
E013,2025-01-29,8,0
E013,2025-01-30,8,3
E014,2025-01-01,8,7
E014,2025-01-02,8,0
E014,2025-01-03,8,4
E014,2025-01-04,8,4
E014,2025-01-05,8,7
E014,2025-01-06,8,8
E014,2025-01-07,8,8
E014,2025-01-08,8,8
E014,2025-01-09,8,5
E014,2025-01-10,8,0
E014,2025-01-11,8,7
E014,2025-01-12,8,8
E014,2025-01-13,8,3
E014,2025-01-14,8,5
E014,2025-01-15,8,0
E014,2025-01-16,8,4
E014,2025-01-17,8,7
E014,2025-01-18,8,7
E014,2025-01-19,8,4
E014,2025-01-20,8,6
E014,2025-01-21,8,8
E014,2025-01-22,8,3
E014,2025-01-23,8,0
E014,2025-01-24,8,4
E014,2025-01-25,8,8
E014,2025-01-26,8,0
E014,2025-01-27,8,3
E014,2025-01-28,8,0
E014,2025-01-29,8,5
E014,2025-01-30,8,6
E015,2025-01-01,8,8
E015,2025-01-02,8,7
E015,2025-01-03,8,0
E015,2025-01-04,8,3
E015,2025-01-05,8,6
E015,2025-01-06,8,7
E015,2025-01-07,8,7
E015,2025-01-08,8,8
E015,2025-01-09,8,8
E015,2025-01-10,8,0
E015,2025-01-11,8,8
E015,2025-01-12,8,0
E015,2025-01-13,8,4
E015,2025-01-14,8,3
E015,2025-01-15,8,6
E015,2025-01-16,8,3
E015,2025-01-17,8,7
E015,2025-01-18,8,6
E015,2025-01-19,8,0
E015,2025-01-20,8,8
E015,2025-01-21,8,0
E015,2025-01-22,8,6
E015,2025-01-23,8,6
E015,2025-01-24,8,0
E015,2025-01-25,8,3
E015,2025-01-26,8,4
E015,2025-01-27,8,0
E015,2025-01-28,8,0
E015,2025-01-29,8,5
E015,2025-01-30,8,8
E016,2025-01-01,8,7
E016,2025-01-02,8,3
E016,2025-01-03,8,0
E016,2025-01-04,8,4
E016,2025-01-05,8,6
E016,2025-01-06,8,8
E016,2025-01-07,8,8
E016,2025-01-08,8,3
E016,2025-01-09,8,4
E016,2025-01-10,8,7
E016,2025-01-11,8,3
E016,2025-01-12,8,7
E016,2025-01-13,8,4
E016,2025-01-14,8,4
E016,2025-01-15,8,5
E016,2025-01-16,8,4
E016,2025-01-17,8,4
E016,2025-01-18,8,8
E016,2025-01-19,8,4
E016,2025-01-20,8,5
E016,2025-01-21,8,7
E016,2025-01-22,8,3
E016,2025-01-23,8,5
E016,2025-01-24,8,4
E016,2025-01-25,8,0
E016,2025-01-26,8,8
E016,2025-01-27,8,6
E016,2025-01-28,8,0
E016,2025-01-29,8,7
E016,2025-01-30,8,6
E017,2025-01-01,8,7
E017,2025-01-02,8,8
E017,2025-01-03,8,6
E017,2025-01-04,8,3
E017,2025-01-05,8,0
E017,2025-01-06,8,0
E017,2025-01-07,8,0
E017,2025-01-08,8,6
E017,2025-01-09,8,0
E017,2025-01-10,8,3
E017,2025-01-11,8,7
E017,2025-01-12,8,3
E017,2025-01-13,8,5
E017,2025-01-14,8,6
E017,2025-01-15,8,6
E017,2025-01-16,8,0
E017,2025-01-17,8,8
E017,2025-01-18,8,8
E017,2025-01-19,8,6
E017,2025-01-20,8,0
E017,2025-01-21,8,6
E017,2025-01-22,8,6
E017,2025-01-23,8,0
E017,2025-01-24,8,0
E017,2025-01-25,8,5
E017,2025-01-26,8,0
E017,2025-01-27,8,8
E017,2025-01-28,8,5
E017,2025-01-29,8,8
E017,2025-01-30,8,0
E018,2025-01-01,8,3
E018,2025-01-02,8,3
E018,2025-01-03,8,0
E018,2025-01-04,8,8
E018,2025-01-05,8,4
E018,2025-01-06,8,7
E018,2025-01-07,8,8
E018,2025-01-08,8,6
E018,2025-01-09,8,8
E018,2025-01-10,8,0
E018,2025-01-11,8,5
E018,2025-01-12,8,5
E018,2025-01-13,8,7
E018,2025-01-14,8,4
E018,2025-01-15,8,0
E018,2025-01-16,8,3
E018,2025-01-17,8,7
E018,2025-01-18,8,3
E018,2025-01-19,8,7
E018,2025-01-20,8,6
E018,2025-01-21,8,7
E018,2025-01-22,8,3
E018,2025-01-23,8,5
E018,2025-01-24,8,5
E018,2025-01-25,8,3
E018,2025-01-26,8,4
E018,2025-01-27,8,0
E018,2025-01-28,8,4
E018,2025-01-29,8,3
E018,2025-01-30,8,6
E019,2025-01-01,8,0
E019,2025-01-02,8,0
E019,2025-01-03,8,4
E019,2025-01-04,8,5
E019,2025-01-05,8,7
E019,2025-01-06,8,3
E019,2025-01-07,8,4
E019,2025-01-08,8,8
E019,2025-01-09,8,5
E019,2025-01-10,8,0
E019,2025-01-11,8,0
E019,2025-01-12,8,0
E019,2025-01-13,8,0
E019,2025-01-14,8,0
E019,2025-01-15,8,4
E019,2025-01-16,8,5
E019,2025-01-17,8,0
E019,2025-01-18,8,5
E019,2025-01-19,8,0
E019,2025-01-20,8,3
E019,2025-01-21,8,6
E019,2025-01-22,8,3
E019,2025-01-23,8,5
E019,2025-01-24,8,4
E019,2025-01-25,8,5
E019,2025-01-26,8,3
E019,2025-01-27,8,6
E019,2025-01-28,8,0
E019,2025-01-29,8,4
E019,2025-01-30,8,0
E020,2025-01-01,8,7
E020,2025-01-02,8,3
E020,2025-01-03,8,0
E020,2025-01-04,8,6
E020,2025-01-05,8,6
E020,2025-01-06,8,5
E020,2025-01-07,8,0
E020,2025-01-08,8,0
E020,2025-01-09,8,0
E020,2025-01-10,8,3
E020,2025-01-11,8,0
E020,2025-01-12,8,5
E020,2025-01-13,8,7
E020,2025-01-14,8,0
E020,2025-01-15,8,3
E020,2025-01-16,8,0
E020,2025-01-17,8,4
E020,2025-01-18,8,0
E020,2025-01-19,8,0
E020,2025-01-20,8,6
E020,2025-01-21,8,8
E020,2025-01-22,8,4
E020,2025-01-23,8,4
E020,2025-01-24,8,7
E020,2025-01-25,8,7
E020,2025-01-26,8,5
E020,2025-01-27,8,8
E020,2025-01-28,8,4
E020,2025-01-29,8,4
E020,2025-01-30,8,4
E021,2025-01-01,8,7
E021,2025-01-02,8,8
E021,2025-01-03,8,4
E021,2025-01-04,8,0
E021,2025-01-05,8,0
E021,2025-01-06,8,0
E021,2025-01-07,8,8
E021,2025-01-08,8,4
E021,2025-01-09,8,0
E021,2025-01-10,8,6
E021,2025-01-11,8,0
E021,2025-01-12,8,5
E021,2025-01-13,8,5
E021,2025-01-14,8,5
E021,2025-01-15,8,0
E021,2025-01-16,8,0
E021,2025-01-17,8,3
E021,2025-01-18,8,5
E021,2025-01-19,8,8
E021,2025-01-20,8,7
E021,2025-01-21,8,0
E021,2025-01-22,8,0
E021,2025-01-23,8,6
E021,2025-01-24,8,5
E021,2025-01-25,8,0
E021,2025-01-26,8,3
E021,2025-01-27,8,0
E021,2025-01-28,8,5
E021,2025-01-29,8,7
E021,2025-01-30,8,3
E022,2025-01-01,8,8
E022,2025-01-02,8,0
E022,2025-01-03,8,0
E022,2025-01-04,8,5
E022,2025-01-05,8,5
E022,2025-01-06,8,0
E022,2025-01-07,8,0
E022,2025-01-08,8,8
E022,2025-01-09,8,8
E022,2025-01-10,8,3
E022,2025-01-11,8,3
E022,2025-01-12,8,0
E022,2025-01-13,8,5
E022,2025-01-14,8,5
E022,2025-01-15,8,7
E022,2025-01-16,8,5
E022,2025-01-17,8,8
E022,2025-01-18,8,0
E022,2025-01-19,8,7
E022,2025-01-20,8,5
E022,2025-01-21,8,0
E022,2025-01-22,8,4
E022,2025-01-23,8,8
E022,2025-01-24,8,0
E022,2025-01-25,8,3
E022,2025-01-26,8,5
E022,2025-01-27,8,4
E022,2025-01-28,8,6
E022,2025-01-29,8,4
E022,2025-01-30,8,4
E023,2025-01-01,8,5
E023,2025-01-02,8,7
E023,2025-01-03,8,8
E023,2025-01-04,8,7
E023,2025-01-05,8,7
E023,2025-01-06,8,0
E023,2025-01-07,8,4
E023,2025-01-08,8,8
E023,2025-01-09,8,8
E023,2025-01-10,8,0
E023,2025-01-11,8,6
E023,2025-01-12,8,8
E023,2025-01-13,8,6
E023,2025-01-14,8,8
E023,2025-01-15,8,0
E023,2025-01-16,8,7
E023,2025-01-17,8,5
E023,2025-01-18,8,0
E023,2025-01-19,8,5
E023,2025-01-20,8,0
E023,2025-01-21,8,0
E023,2025-01-22,8,6
E023,2025-01-23,8,0
E023,2025-01-24,8,4
E023,2025-01-25,8,5
E023,2025-01-26,8,8
E023,2025-01-27,8,0
E023,2025-01-28,8,7
E023,2025-01-29,8,8
E023,2025-01-30,8,5
E024,2025-01-01,8,4
E024,2025-01-02,8,6
E024,2025-01-03,8,6
E024,2025-01-04,8,4
E024,2025-01-05,8,0
E024,2025-01-06,8,3
E024,2025-01-07,8,0
E024,2025-01-08,8,6
E024,2025-01-09,8,4
E024,2025-01-10,8,0
E024,2025-01-11,8,5
E024,2025-01-12,8,3
E024,2025-01-13,8,3
E024,2025-01-14,8,4
E024,2025-01-15,8,3
E024,2025-01-16,8,6
E024,2025-01-17,8,8
E024,2025-01-18,8,0
E024,2025-01-19,8,0
E024,2025-01-20,8,3
E024,2025-01-21,8,5
E024,2025-01-22,8,4
E024,2025-01-23,8,0
E024,2025-01-24,8,5
E024,2025-01-25,8,5
E024,2025-01-26,8,3
E024,2025-01-27,8,6
E024,2025-01-28,8,0
E024,2025-01-29,8,3
E024,2025-01-30,8,0
E025,2025-01-01,8,8
E025,2025-01-02,8,8
E025,2025-01-03,8,5
E025,2025-01-04,8,0
E025,2025-01-05,8,7
E025,2025-01-06,8,4
E025,2025-01-07,8,0
E025,2025-01-08,8,8
E025,2025-01-09,8,7
E025,2025-01-10,8,3
E025,2025-01-11,8,6
E025,2025-01-12,8,0
E025,2025-01-13,8,8
E025,2025-01-14,8,0
E025,2025-01-15,8,5
E025,2025-01-16,8,5
E025,2025-01-17,8,5
E025,2025-01-18,8,8
E025,2025-01-19,8,7
E025,2025-01-20,8,4
E025,2025-01-21,8,5
E025,2025-01-22,8,8
E025,2025-01-23,8,8
E025,2025-01-24,8,0
E025,2025-01-25,8,0
E025,2025-01-26,8,4
E025,2025-01-27,8,8
E025,2025-01-28,8,0
E025,2025-01-29,8,5
E025,2025-01-30,8,3
E026,2025-01-01,8,3
E026,2025-01-02,8,5
E026,2025-01-03,8,0
E026,2025-01-04,8,0
E026,2025-01-05,8,3
E026,2025-01-06,8,5
E026,2025-01-07,8,3
E026,2025-01-08,8,5
E026,2025-01-09,8,5
E026,2025-01-10,8,0
E026,2025-01-11,8,0
E026,2025-01-12,8,0
E026,2025-01-13,8,0
E026,2025-01-14,8,4
E026,2025-01-15,8,0
E026,2025-01-16,8,0
E026,2025-01-17,8,7
E026,2025-01-18,8,3
E026,2025-01-19,8,0
E026,2025-01-20,8,6
E026,2025-01-21,8,7
E026,2025-01-22,8,5
E026,2025-01-23,8,3
E026,2025-01-24,8,8
E026,2025-01-25,8,5
E026,2025-01-26,8,0
E026,2025-01-27,8,0
E026,2025-01-28,8,8
E026,2025-01-29,8,0
E026,2025-01-30,8,6
E027,2025-01-01,8,8
E027,2025-01-02,8,7
E027,2025-01-03,8,0
E027,2025-01-04,8,8
E027,2025-01-05,8,3
E027,2025-01-06,8,0
E027,2025-01-07,8,7
E027,2025-01-08,8,3
E027,2025-01-09,8,7
E027,2025-01-10,8,0
E027,2025-01-11,8,4
E027,2025-01-12,8,4
E027,2025-01-13,8,5
E027,2025-01-14,8,0
E027,2025-01-15,8,7
E027,2025-01-16,8,8
E027,2025-01-17,8,0
E027,2025-01-18,8,5
E027,2025-01-19,8,0
E027,2025-01-20,8,7
E027,2025-01-21,8,7
E027,2025-01-22,8,6
E027,2025-01-23,8,8
E027,2025-01-24,8,4
E027,2025-01-25,8,3
E027,2025-01-26,8,6
E027,2025-01-27,8,0
E027,2025-01-28,8,5
E027,2025-01-29,8,8
E027,2025-01-30,8,0
E028,2025-01-01,8,7
E028,2025-01-02,8,8
E028,2025-01-03,8,0
E028,2025-01-04,8,3
E028,2025-01-05,8,3
E028,2025-01-06,8,0
E028,2025-01-07,8,8
E028,2025-01-08,8,0
E028,2025-01-09,8,8
E028,2025-01-10,8,8
E028,2025-01-11,8,8
E028,2025-01-12,8,7
E028,2025-01-13,8,5
E028,2025-01-14,8,8
E028,2025-01-15,8,5
E028,2025-01-16,8,3
E028,2025-01-17,8,4
E028,2025-01-18,8,6
E028,2025-01-19,8,5
E028,2025-01-20,8,6
E028,2025-01-21,8,7
E028,2025-01-22,8,3
E028,2025-01-23,8,6
E028,2025-01-24,8,0
E028,2025-01-25,8,0
E028,2025-01-26,8,0
E028,2025-01-27,8,4
E028,2025-01-28,8,8
E028,2025-01-29,8,6
E028,2025-01-30,8,0
E029,2025-01-01,8,4
E029,2025-01-02,8,4
E029,2025-01-03,8,0
E029,2025-01-04,8,3
E029,2025-01-05,8,5
E029,2025-01-06,8,4
E029,2025-01-07,8,8
E029,2025-01-08,8,5
E029,2025-01-09,8,3
E029,2025-01-10,8,4
E029,2025-01-11,8,4
E029,2025-01-12,8,7
E029,2025-01-13,8,7
E029,2025-01-14,8,7
E029,2025-01-15,8,4
E029,2025-01-16,8,7
E029,2025-01-17,8,3
E029,2025-01-18,8,3
E029,2025-01-19,8,8
E029,2025-01-20,8,7
E029,2025-01-21,8,0
E029,2025-01-22,8,6
E029,2025-01-23,8,8
E029,2025-01-24,8,6
E029,2025-01-25,8,8
E029,2025-01-26,8,0
E029,2025-01-27,8,6
E029,2025-01-28,8,8
E029,2025-01-29,8,4
E029,2025-01-30,8,0
E030,2025-01-01,8,0
E030,2025-01-02,8,0
E030,2025-01-03,8,0
E030,2025-01-04,8,5
E030,2025-01-05,8,5
E030,2025-01-06,8,8
E030,2025-01-07,8,6
E030,2025-01-08,8,5
E030,2025-01-09,8,5
E030,2025-01-10,8,6
E030,2025-01-11,8,5
E030,2025-01-12,8,0
E030,2025-01-13,8,4
E030,2025-01-14,8,3
E030,2025-01-15,8,6
E030,2025-01-16,8,0
E030,2025-01-17,8,4
E030,2025-01-18,8,7
E030,2025-01-19,8,4
E030,2025-01-20,8,6
E030,2025-01-21,8,0
E030,2025-01-22,8,0
E030,2025-01-23,8,6
E030,2025-01-24,8,3
E030,2025-01-25,8,0
E030,2025-01-26,8,0
E030,2025-01-27,8,4
E030,2025-01-28,8,3
E030,2025-01-29,8,5
E030,2025-01-30,8,0
E031,2025-01-01,8,0
E031,2025-01-02,8,7
E031,2025-01-03,8,3
E031,2025-01-04,8,0
E031,2025-01-05,8,5
E031,2025-01-06,8,6
E031,2025-01-07,8,3
E031,2025-01-08,8,0
E031,2025-01-09,8,7
E031,2025-01-10,8,5
E031,2025-01-11,8,3
E031,2025-01-12,8,0
E031,2025-01-13,8,0
E031,2025-01-14,8,7
E031,2025-01-15,8,4
E031,2025-01-16,8,6
E031,2025-01-17,8,5
E031,2025-01-18,8,4
E031,2025-01-19,8,7
E031,2025-01-20,8,0
E031,2025-01-21,8,3
E031,2025-01-22,8,4
E031,2025-01-23,8,6
E031,2025-01-24,8,0
E031,2025-01-25,8,7
E031,2025-01-26,8,5
E031,2025-01-27,8,4
E031,2025-01-28,8,0
E031,2025-01-29,8,7
E031,2025-01-30,8,7
E032,2025-01-01,8,0
E032,2025-01-02,8,6
E032,2025-01-03,8,5
E032,2025-01-04,8,8
E032,2025-01-05,8,6
E032,2025-01-06,8,8
E032,2025-01-07,8,7
E032,2025-01-08,8,0
E032,2025-01-09,8,8
E032,2025-01-10,8,8
E032,2025-01-11,8,7
E032,2025-01-12,8,0
E032,2025-01-13,8,7
E032,2025-01-14,8,0
E032,2025-01-15,8,8
E032,2025-01-16,8,3
E032,2025-01-17,8,4
E032,2025-01-18,8,6
E032,2025-01-19,8,6
E032,2025-01-20,8,6
E032,2025-01-21,8,6
E032,2025-01-22,8,0
E032,2025-01-23,8,8
E032,2025-01-24,8,7
E032,2025-01-25,8,7
E032,2025-01-26,8,8
E032,2025-01-27,8,0
E032,2025-01-28,8,0
E032,2025-01-29,8,4
E032,2025-01-30,8,0
E033,2025-01-01,8,7
E033,2025-01-02,8,8
E033,2025-01-03,8,7
E033,2025-01-04,8,0
E033,2025-01-05,8,4
E033,2025-01-06,8,7
E033,2025-01-07,8,4
E033,2025-01-08,8,5
E033,2025-01-09,8,8
E033,2025-01-10,8,0
E033,2025-01-11,8,6
E033,2025-01-12,8,7
E033,2025-01-13,8,5
E033,2025-01-14,8,7
E033,2025-01-15,8,0
E033,2025-01-16,8,0
E033,2025-01-17,8,4
E033,2025-01-18,8,3
E033,2025-01-19,8,8
E033,2025-01-20,8,5
E033,2025-01-21,8,0
E033,2025-01-22,8,8
E033,2025-01-23,8,0
E033,2025-01-24,8,4
E033,2025-01-25,8,7
E033,2025-01-26,8,4
E033,2025-01-27,8,7
E033,2025-01-28,8,4
E033,2025-01-29,8,8
E033,2025-01-30,8,8
E034,2025-01-01,8,3
E034,2025-01-02,8,6
E034,2025-01-03,8,8
E034,2025-01-04,8,0
E034,2025-01-05,8,8
E034,2025-01-06,8,3
E034,2025-01-07,8,6
E034,2025-01-08,8,0
E034,2025-01-09,8,0
E034,2025-01-10,8,5
E034,2025-01-11,8,5
E034,2025-01-12,8,3
E034,2025-01-13,8,7
E034,2025-01-14,8,4
E034,2025-01-15,8,0
E034,2025-01-16,8,3
E034,2025-01-17,8,0
E034,2025-01-18,8,0
E034,2025-01-19,8,8
E034,2025-01-20,8,3
E034,2025-01-21,8,5
E034,2025-01-22,8,5
E034,2025-01-23,8,6
E034,2025-01-24,8,0
E034,2025-01-25,8,7
E034,2025-01-26,8,0
E034,2025-01-27,8,4
E034,2025-01-28,8,5
E034,2025-01-29,8,8
E034,2025-01-30,8,0
E035,2025-01-01,8,8
E035,2025-01-02,8,3
E035,2025-01-03,8,5
E035,2025-01-04,8,4
E035,2025-01-05,8,0
E035,2025-01-06,8,0
E035,2025-01-07,8,3
E035,2025-01-08,8,0
E035,2025-01-09,8,4
E035,2025-01-10,8,6
E035,2025-01-11,8,4
E035,2025-01-12,8,5
E035,2025-01-13,8,0
E035,2025-01-14,8,6
E035,2025-01-15,8,5
E035,2025-01-16,8,7
E035,2025-01-17,8,5
E035,2025-01-18,8,8
E035,2025-01-19,8,3
E035,2025-01-20,8,6
E035,2025-01-21,8,4
E035,2025-01-22,8,0
E035,2025-01-23,8,8
E035,2025-01-24,8,8
E035,2025-01-25,8,5
E035,2025-01-26,8,4
E035,2025-01-27,8,6
E035,2025-01-28,8,6
E035,2025-01-29,8,6
E035,2025-01-30,8,0
E036,2025-01-01,8,4
E036,2025-01-02,8,7
E036,2025-01-03,8,0
E036,2025-01-04,8,3
E036,2025-01-05,8,3
E036,2025-01-06,8,7
E036,2025-01-07,8,4
E036,2025-01-08,8,7
E036,2025-01-09,8,0
E036,2025-01-10,8,8
E036,2025-01-11,8,8
E036,2025-01-12,8,0
E036,2025-01-13,8,7
E036,2025-01-14,8,0
E036,2025-01-15,8,6
E036,2025-01-16,8,7
E036,2025-01-17,8,0
E036,2025-01-18,8,0
E036,2025-01-19,8,7
E036,2025-01-20,8,0
E036,2025-01-21,8,8
E036,2025-01-22,8,6
E036,2025-01-23,8,3
E036,2025-01-24,8,7
E036,2025-01-25,8,3
E036,2025-01-26,8,0
E036,2025-01-27,8,8
E036,2025-01-28,8,7
E036,2025-01-29,8,3
E036,2025-01-30,8,0
E037,2025-01-01,8,5
E037,2025-01-02,8,0
E037,2025-01-03,8,4
E037,2025-01-04,8,0
E037,2025-01-05,8,6
E037,2025-01-06,8,0
E037,2025-01-07,8,0
E037,2025-01-08,8,0
E037,2025-01-09,8,8
E037,2025-01-10,8,8
E037,2025-01-11,8,3
E037,2025-01-12,8,7
E037,2025-01-13,8,0
E037,2025-01-14,8,8
E037,2025-01-15,8,3
E037,2025-01-16,8,5
E037,2025-01-17,8,0
E037,2025-01-18,8,0
E037,2025-01-19,8,0
E037,2025-01-20,8,4
E037,2025-01-21,8,0
E037,2025-01-22,8,4
E037,2025-01-23,8,4
E037,2025-01-24,8,3
E037,2025-01-25,8,0
E037,2025-01-26,8,4
E037,2025-01-27,8,3
E037,2025-01-28,8,7
E037,2025-01-29,8,6
E037,2025-01-30,8,4
E038,2025-01-01,8,6
E038,2025-01-02,8,0
E038,2025-01-03,8,7
E038,2025-01-04,8,3
E038,2025-01-05,8,7
E038,2025-01-06,8,4
E038,2025-01-07,8,7
E038,2025-01-08,8,4
E038,2025-01-09,8,4
E038,2025-01-10,8,6
E038,2025-01-11,8,5
E038,2025-01-12,8,7
E038,2025-01-13,8,8
E038,2025-01-14,8,0
E038,2025-01-15,8,0
E038,2025-01-16,8,5
E038,2025-01-17,8,0
E038,2025-01-18,8,8
E038,2025-01-19,8,0
E038,2025-01-20,8,0
E038,2025-01-21,8,5
E038,2025-01-22,8,0
E038,2025-01-23,8,7
E038,2025-01-24,8,0
E038,2025-01-25,8,4
E038,2025-01-26,8,8
E038,2025-01-27,8,6
E038,2025-01-28,8,7
E038,2025-01-29,8,0
E038,2025-01-30,8,0
E039,2025-01-01,8,6
E039,2025-01-02,8,5
E039,2025-01-03,8,5
E039,2025-01-04,8,6
E039,2025-01-05,8,3
E039,2025-01-06,8,3
E039,2025-01-07,8,6
E039,2025-01-08,8,3
E039,2025-01-09,8,7
E039,2025-01-10,8,6
E039,2025-01-11,8,5
E039,2025-01-12,8,3
E039,2025-01-13,8,4
E039,2025-01-14,8,8
E039,2025-01-15,8,0
E039,2025-01-16,8,8
E039,2025-01-17,8,6
E039,2025-01-18,8,7
E039,2025-01-19,8,5
E039,2025-01-20,8,0
E039,2025-01-21,8,0
E039,2025-01-22,8,5
E039,2025-01-23,8,5
E039,2025-01-24,8,0
E039,2025-01-25,8,0
E039,2025-01-26,8,8
E039,2025-01-27,8,0
E039,2025-01-28,8,4
E039,2025-01-29,8,5
E039,2025-01-30,8,0
E040,2025-01-01,8,7
E040,2025-01-02,8,8
E040,2025-01-03,8,3
E040,2025-01-04,8,7
E040,2025-01-05,8,0
E040,2025-01-06,8,4
E040,2025-01-07,8,5
E040,2025-01-08,8,6
E040,2025-01-09,8,6
E040,2025-01-10,8,5
E040,2025-01-11,8,0
E040,2025-01-12,8,0
E040,2025-01-13,8,0
E040,2025-01-14,8,8
E040,2025-01-15,8,4
E040,2025-01-16,8,8
E040,2025-01-17,8,0
E040,2025-01-18,8,7
E040,2025-01-19,8,7
E040,2025-01-20,8,3
E040,2025-01-21,8,3
E040,2025-01-22,8,0
E040,2025-01-23,8,8
E040,2025-01-24,8,3
E040,2025-01-25,8,3
E040,2025-01-26,8,7
E040,2025-01-27,8,0
E040,2025-01-28,8,3
E040,2025-01-29,8,0
E040,2025-01-30,8,0
E041,2025-01-01,8,3
E041,2025-01-02,8,0
E041,2025-01-03,8,3
E041,2025-01-04,8,7
E041,2025-01-05,8,3
E041,2025-01-06,8,0
E041,2025-01-07,8,3
E041,2025-01-08,8,7
E041,2025-01-09,8,4
E041,2025-01-10,8,7
E041,2025-01-11,8,5
E041,2025-01-12,8,6
E041,2025-01-13,8,5
E041,2025-01-14,8,0
E041,2025-01-15,8,0
E041,2025-01-16,8,8
E041,2025-01-17,8,5
E041,2025-01-18,8,8
E041,2025-01-19,8,3
E041,2025-01-20,8,0
E041,2025-01-21,8,0
E041,2025-01-22,8,0
E041,2025-01-23,8,0
E041,2025-01-24,8,8
E041,2025-01-25,8,8
E041,2025-01-26,8,3
E041,2025-01-27,8,0
E041,2025-01-28,8,0
E041,2025-01-29,8,7
E041,2025-01-30,8,7
E042,2025-01-01,8,4
E042,2025-01-02,8,8
E042,2025-01-03,8,0
E042,2025-01-04,8,3
E042,2025-01-05,8,8
E042,2025-01-06,8,7
E042,2025-01-07,8,4
E042,2025-01-08,8,3
E042,2025-01-09,8,7
E042,2025-01-10,8,8
E042,2025-01-11,8,0
E042,2025-01-12,8,5
E042,2025-01-13,8,7
E042,2025-01-14,8,7
E042,2025-01-15,8,0
E042,2025-01-16,8,6
E042,2025-01-17,8,8
E042,2025-01-18,8,7
E042,2025-01-19,8,3
E042,2025-01-20,8,6
E042,2025-01-21,8,3
E042,2025-01-22,8,7
E042,2025-01-23,8,0
E042,2025-01-24,8,3
E042,2025-01-25,8,6
E042,2025-01-26,8,0
E042,2025-01-27,8,5
E042,2025-01-28,8,0
E042,2025-01-29,8,0
E042,2025-01-30,8,8
E043,2025-01-01,8,0
E043,2025-01-02,8,7
E043,2025-01-03,8,4
E043,2025-01-04,8,3
E043,2025-01-05,8,4
E043,2025-01-06,8,0
E043,2025-01-07,8,8
E043,2025-01-08,8,0
E043,2025-01-09,8,5
E043,2025-01-10,8,3
E043,2025-01-11,8,5
E043,2025-01-12,8,0
E043,2025-01-13,8,5
E043,2025-01-14,8,4
E043,2025-01-15,8,4
E043,2025-01-16,8,0
E043,2025-01-17,8,0
E043,2025-01-18,8,0
E043,2025-01-19,8,3
E043,2025-01-20,8,5
E043,2025-01-21,8,7
E043,2025-01-22,8,6
E043,2025-01-23,8,5
E043,2025-01-24,8,0
E043,2025-01-25,8,0
E043,2025-01-26,8,8
E043,2025-01-27,8,7
E043,2025-01-28,8,8
E043,2025-01-29,8,0
E043,2025-01-30,8,4
E044,2025-01-01,8,5
E044,2025-01-02,8,6
E044,2025-01-03,8,3
E044,2025-01-04,8,6
E044,2025-01-05,8,6
E044,2025-01-06,8,6
E044,2025-01-07,8,5
E044,2025-01-08,8,4
E044,2025-01-09,8,0
E044,2025-01-10,8,6
E044,2025-01-11,8,4
E044,2025-01-12,8,3
E044,2025-01-13,8,0
E044,2025-01-14,8,7
E044,2025-01-15,8,0
E044,2025-01-16,8,6
E044,2025-01-17,8,6
E044,2025-01-18,8,5
E044,2025-01-19,8,7
E044,2025-01-20,8,6
E044,2025-01-21,8,4
E044,2025-01-22,8,0
E044,2025-01-23,8,5
E044,2025-01-24,8,0
E044,2025-01-25,8,5
E044,2025-01-26,8,0
E044,2025-01-27,8,6
E044,2025-01-28,8,3
E044,2025-01-29,8,7
E044,2025-01-30,8,8
E045,2025-01-01,8,8
E045,2025-01-02,8,0
E045,2025-01-03,8,6
E045,2025-01-04,8,8
E045,2025-01-05,8,6
E045,2025-01-06,8,0
E045,2025-01-07,8,8
E045,2025-01-08,8,4
E045,2025-01-09,8,8
E045,2025-01-10,8,8
E045,2025-01-11,8,0
E045,2025-01-12,8,0
E045,2025-01-13,8,6
E045,2025-01-14,8,0
E045,2025-01-15,8,0
E045,2025-01-16,8,0
E045,2025-01-17,8,5
E045,2025-01-18,8,3
E045,2025-01-19,8,8
E045,2025-01-20,8,4
E045,2025-01-21,8,7
E045,2025-01-22,8,0
E045,2025-01-23,8,6
E045,2025-01-24,8,3
E045,2025-01-25,8,5
E045,2025-01-26,8,7
E045,2025-01-27,8,6
E045,2025-01-28,8,6
E045,2025-01-29,8,0
E045,2025-01-30,8,5
E046,2025-01-01,8,6
E046,2025-01-02,8,5
E046,2025-01-03,8,0
E046,2025-01-04,8,3
E046,2025-01-05,8,5
E046,2025-01-06,8,5
E046,2025-01-07,8,0
E046,2025-01-08,8,7
E046,2025-01-09,8,0
E046,2025-01-10,8,6
E046,2025-01-11,8,6
E046,2025-01-12,8,0
E046,2025-01-13,8,3
E046,2025-01-14,8,3
E046,2025-01-15,8,3
E046,2025-01-16,8,8
E046,2025-01-17,8,8
E046,2025-01-18,8,8
E046,2025-01-19,8,7
E046,2025-01-20,8,7
E046,2025-01-21,8,5
E046,2025-01-22,8,0
E046,2025-01-23,8,0
E046,2025-01-24,8,6
E046,2025-01-25,8,4
E046,2025-01-26,8,0
E046,2025-01-27,8,0
E046,2025-01-28,8,8
E046,2025-01-29,8,6
E046,2025-01-30,8,0
E047,2025-01-01,8,0
E047,2025-01-02,8,8
E047,2025-01-03,8,4
E047,2025-01-04,8,8
E047,2025-01-05,8,7
E047,2025-01-06,8,7
E047,2025-01-07,8,5
E047,2025-01-08,8,4
E047,2025-01-09,8,0
E047,2025-01-10,8,5
E047,2025-01-11,8,0
E047,2025-01-12,8,7
E047,2025-01-13,8,0
E047,2025-01-14,8,0
E047,2025-01-15,8,5
E047,2025-01-16,8,6
E047,2025-01-17,8,8
E047,2025-01-18,8,7
E047,2025-01-19,8,8
E047,2025-01-20,8,5
E047,2025-01-21,8,4
E047,2025-01-22,8,3
E047,2025-01-23,8,5
E047,2025-01-24,8,7
E047,2025-01-25,8,0
E047,2025-01-26,8,0
E047,2025-01-27,8,7
E047,2025-01-28,8,0
E047,2025-01-29,8,0
E047,2025-01-30,8,6
E048,2025-01-01,8,7
E048,2025-01-02,8,6
E048,2025-01-03,8,4
E048,2025-01-04,8,5
E048,2025-01-05,8,0
E048,2025-01-06,8,5
E048,2025-01-07,8,6
E048,2025-01-08,8,4
E048,2025-01-09,8,0
E048,2025-01-10,8,0
E048,2025-01-11,8,0
E048,2025-01-12,8,0
E048,2025-01-13,8,0
E048,2025-01-14,8,0
E048,2025-01-15,8,0
E048,2025-01-16,8,3
E048,2025-01-17,8,4
E048,2025-01-18,8,3
E048,2025-01-19,8,4
E048,2025-01-20,8,4
E048,2025-01-21,8,0
E048,2025-01-22,8,0
E048,2025-01-23,8,7
E048,2025-01-24,8,5
E048,2025-01-25,8,7
E048,2025-01-26,8,8
E048,2025-01-27,8,0
E048,2025-01-28,8,6
E048,2025-01-29,8,8
E048,2025-01-30,8,5
E049,2025-01-01,8,6
E049,2025-01-02,8,5
E049,2025-01-03,8,6
E049,2025-01-04,8,4
E049,2025-01-05,8,8
E049,2025-01-06,8,8
E049,2025-01-07,8,0
E049,2025-01-08,8,7
E049,2025-01-09,8,4
E049,2025-01-10,8,3
E049,2025-01-11,8,7
E049,2025-01-12,8,7
E049,2025-01-13,8,5
E049,2025-01-14,8,5
E049,2025-01-15,8,7
E049,2025-01-16,8,4
E049,2025-01-17,8,0
E049,2025-01-18,8,5
E049,2025-01-19,8,8
E049,2025-01-20,8,4
E049,2025-01-21,8,8
E049,2025-01-22,8,4
E049,2025-01-23,8,0
E049,2025-01-24,8,0
E049,2025-01-25,8,7
E049,2025-01-26,8,8
E049,2025-01-27,8,0
E049,2025-01-28,8,0
E049,2025-01-29,8,0
E049,2025-01-30,8,8
E050,2025-01-01,8,6
E050,2025-01-02,8,8
E050,2025-01-03,8,6
E050,2025-01-04,8,0
E050,2025-01-05,8,7
E050,2025-01-06,8,8
E050,2025-01-07,8,8
E050,2025-01-08,8,0
E050,2025-01-09,8,3
E050,2025-01-10,8,0
E050,2025-01-11,8,6
E050,2025-01-12,8,6
E050,2025-01-13,8,5
E050,2025-01-14,8,5
E050,2025-01-15,8,7
E050,2025-01-16,8,0
E050,2025-01-17,8,8
E050,2025-01-18,8,3
E050,2025-01-19,8,8
E050,2025-01-20,8,0
E050,2025-01-21,8,3
E050,2025-01-22,8,6
E050,2025-01-23,8,0
E050,2025-01-24,8,6
E050,2025-01-25,8,8
E050,2025-01-26,8,8
E050,2025-01-27,8,4
E050,2025-01-28,8,3
E050,2025-01-29,8,5
E050,2025-01-30,8,5
E051,2025-01-01,8,3
E051,2025-01-02,8,0
E051,2025-01-03,8,8
E051,2025-01-04,8,6
E051,2025-01-05,8,8
E051,2025-01-06,8,3
E051,2025-01-07,8,6
E051,2025-01-08,8,4
E051,2025-01-09,8,7
E051,2025-01-10,8,0
E051,2025-01-11,8,3
E051,2025-01-12,8,3
E051,2025-01-13,8,0
E051,2025-01-14,8,6
E051,2025-01-15,8,4
E051,2025-01-16,8,0
E051,2025-01-17,8,8
E051,2025-01-18,8,3
E051,2025-01-19,8,5
E051,2025-01-20,8,4
E051,2025-01-21,8,0
E051,2025-01-22,8,8
E051,2025-01-23,8,3
E051,2025-01-24,8,7
E051,2025-01-25,8,6
E051,2025-01-26,8,8
E051,2025-01-27,8,8
E051,2025-01-28,8,6
E051,2025-01-29,8,0
E051,2025-01-30,8,3
E052,2025-01-01,8,4
E052,2025-01-02,8,7
E052,2025-01-03,8,0
E052,2025-01-04,8,6
E052,2025-01-05,8,4
E052,2025-01-06,8,5
E052,2025-01-07,8,4
E052,2025-01-08,8,8
E052,2025-01-09,8,8
E052,2025-01-10,8,4
E052,2025-01-11,8,8
E052,2025-01-12,8,0
E052,2025-01-13,8,8
E052,2025-01-14,8,4
E052,2025-01-15,8,0
E052,2025-01-16,8,0
E052,2025-01-17,8,4
E052,2025-01-18,8,0
E052,2025-01-19,8,7
E052,2025-01-20,8,5
E052,2025-01-21,8,4
E052,2025-01-22,8,0
E052,2025-01-23,8,0
E052,2025-01-24,8,7
E052,2025-01-25,8,6
E052,2025-01-26,8,3
E052,2025-01-27,8,3
E052,2025-01-28,8,4
E052,2025-01-29,8,3
E052,2025-01-30,8,0
E053,2025-01-01,8,8
E053,2025-01-02,8,0
E053,2025-01-03,8,0
E053,2025-01-04,8,0
E053,2025-01-05,8,8
E053,2025-01-06,8,5
E053,2025-01-07,8,5
E053,2025-01-08,8,7
E053,2025-01-09,8,4
E053,2025-01-10,8,6
E053,2025-01-11,8,5
E053,2025-01-12,8,0
E053,2025-01-13,8,3
E053,2025-01-14,8,3
E053,2025-01-15,8,0
E053,2025-01-16,8,6
E053,2025-01-17,8,5
E053,2025-01-18,8,3
E053,2025-01-19,8,8
E053,2025-01-20,8,8
E053,2025-01-21,8,4
E053,2025-01-22,8,0
E053,2025-01-23,8,7
E053,2025-01-24,8,4
E053,2025-01-25,8,4
E053,2025-01-26,8,8
E053,2025-01-27,8,3
E053,2025-01-28,8,6
E053,2025-01-29,8,7
E053,2025-01-30,8,5
E054,2025-01-01,8,6
E054,2025-01-02,8,0
E054,2025-01-03,8,3
E054,2025-01-04,8,0
E054,2025-01-05,8,5
E054,2025-01-06,8,5
E054,2025-01-07,8,7
E054,2025-01-08,8,4
E054,2025-01-09,8,3
E054,2025-01-10,8,4
E054,2025-01-11,8,6
E054,2025-01-12,8,6
E054,2025-01-13,8,4
E054,2025-01-14,8,7
E054,2025-01-15,8,0
E054,2025-01-16,8,5
E054,2025-01-17,8,6
E054,2025-01-18,8,5
E054,2025-01-19,8,7
E054,2025-01-20,8,3
E054,2025-01-21,8,4
E054,2025-01-22,8,7
E054,2025-01-23,8,6
E054,2025-01-24,8,6
E054,2025-01-25,8,5
E054,2025-01-26,8,3
E054,2025-01-27,8,0
E054,2025-01-28,8,5
E054,2025-01-29,8,5
E054,2025-01-30,8,8
E055,2025-01-01,8,6
E055,2025-01-02,8,7
E055,2025-01-03,8,0
E055,2025-01-04,8,8
E055,2025-01-05,8,4
E055,2025-01-06,8,6
E055,2025-01-07,8,4
E055,2025-01-08,8,8
E055,2025-01-09,8,5
E055,2025-01-10,8,8
E055,2025-01-11,8,0
E055,2025-01-12,8,3
E055,2025-01-13,8,7
E055,2025-01-14,8,6
E055,2025-01-15,8,0
E055,2025-01-16,8,4
E055,2025-01-17,8,3
E055,2025-01-18,8,4
E055,2025-01-19,8,0
E055,2025-01-20,8,6
E055,2025-01-21,8,7
E055,2025-01-22,8,7
E055,2025-01-23,8,8
E055,2025-01-24,8,0
E055,2025-01-25,8,7
E055,2025-01-26,8,6
E055,2025-01-27,8,4
E055,2025-01-28,8,5
E055,2025-01-29,8,6
E055,2025-01-30,8,5
E056,2025-01-01,8,0
E056,2025-01-02,8,4
E056,2025-01-03,8,4
E056,2025-01-04,8,7
E056,2025-01-05,8,4
E056,2025-01-06,8,4
E056,2025-01-07,8,0
E056,2025-01-08,8,0
E056,2025-01-09,8,6
E056,2025-01-10,8,7
E056,2025-01-11,8,4
E056,2025-01-12,8,0
E056,2025-01-13,8,6
E056,2025-01-14,8,3
E056,2025-01-15,8,4
E056,2025-01-16,8,8
E056,2025-01-17,8,4
E056,2025-01-18,8,4
E056,2025-01-19,8,8
E056,2025-01-20,8,5
E056,2025-01-21,8,0
E056,2025-01-22,8,8
E056,2025-01-23,8,5
E056,2025-01-24,8,3
E056,2025-01-25,8,0
E056,2025-01-26,8,0
E056,2025-01-27,8,3
E056,2025-01-28,8,0
E056,2025-01-29,8,4
E056,2025-01-30,8,3
E057,2025-01-01,8,4
E057,2025-01-02,8,4
E057,2025-01-03,8,0
E057,2025-01-04,8,8
E057,2025-01-05,8,7
E057,2025-01-06,8,3
E057,2025-01-07,8,3
E057,2025-01-08,8,8
E057,2025-01-09,8,0
E057,2025-01-10,8,3
E057,2025-01-11,8,3
E057,2025-01-12,8,6
E057,2025-01-13,8,4
E057,2025-01-14,8,0
E057,2025-01-15,8,0
E057,2025-01-16,8,0
E057,2025-01-17,8,6
E057,2025-01-18,8,0
E057,2025-01-19,8,5
E057,2025-01-20,8,4
E057,2025-01-21,8,5
E057,2025-01-22,8,0
E057,2025-01-23,8,3
E057,2025-01-24,8,8
E057,2025-01-25,8,6
E057,2025-01-26,8,0
E057,2025-01-27,8,0
E057,2025-01-28,8,3
E057,2025-01-29,8,6
E057,2025-01-30,8,6
E058,2025-01-01,8,8
E058,2025-01-02,8,8
E058,2025-01-03,8,6
E058,2025-01-04,8,6
E058,2025-01-05,8,0
E058,2025-01-06,8,7
E058,2025-01-07,8,6
E058,2025-01-08,8,4
E058,2025-01-09,8,5
E058,2025-01-10,8,3
E058,2025-01-11,8,3
E058,2025-01-12,8,0
E058,2025-01-13,8,7
E058,2025-01-14,8,4
E058,2025-01-15,8,4
E058,2025-01-16,8,5
E058,2025-01-17,8,4
E058,2025-01-18,8,0
E058,2025-01-19,8,4
E058,2025-01-20,8,4
E058,2025-01-21,8,8
E058,2025-01-22,8,7
E058,2025-01-23,8,8
E058,2025-01-24,8,7
E058,2025-01-25,8,7
E058,2025-01-26,8,6
E058,2025-01-27,8,4
E058,2025-01-28,8,0
E058,2025-01-29,8,3
E058,2025-01-30,8,4
E059,2025-01-01,8,3
E059,2025-01-02,8,0
E059,2025-01-03,8,5
E059,2025-01-04,8,4
E059,2025-01-05,8,8
E059,2025-01-06,8,5
E059,2025-01-07,8,3
E059,2025-01-08,8,7
E059,2025-01-09,8,3
E059,2025-01-10,8,3
E059,2025-01-11,8,8
E059,2025-01-12,8,0
E059,2025-01-13,8,5
E059,2025-01-14,8,5
E059,2025-01-15,8,4
E059,2025-01-16,8,0
E059,2025-01-17,8,0
E059,2025-01-18,8,4
E059,2025-01-19,8,4
E059,2025-01-20,8,6
E059,2025-01-21,8,8
E059,2025-01-22,8,4
E059,2025-01-23,8,8
E059,2025-01-24,8,8
E059,2025-01-25,8,0
E059,2025-01-26,8,4
E059,2025-01-27,8,7
E059,2025-01-28,8,8
E059,2025-01-29,8,6
E059,2025-01-30,8,5
E060,2025-01-01,8,4
E060,2025-01-02,8,5
E060,2025-01-03,8,8
E060,2025-01-04,8,8
E060,2025-01-05,8,6
E060,2025-01-06,8,5
E060,2025-01-07,8,4
E060,2025-01-08,8,5
E060,2025-01-09,8,3
E060,2025-01-10,8,3
E060,2025-01-11,8,0
E060,2025-01-12,8,0
E060,2025-01-13,8,0
E060,2025-01-14,8,6
E060,2025-01-15,8,0
E060,2025-01-16,8,0
E060,2025-01-17,8,7
E060,2025-01-18,8,0
E060,2025-01-19,8,6
E060,2025-01-20,8,4
E060,2025-01-21,8,0
E060,2025-01-22,8,3
E060,2025-01-23,8,3
E060,2025-01-24,8,5
E060,2025-01-25,8,3
E060,2025-01-26,8,4
E060,2025-01-27,8,0
E060,2025-01-28,8,8
E060,2025-01-29,8,7
E060,2025-01-30,8,5
E061,2025-01-01,8,0
E061,2025-01-02,8,6
E061,2025-01-03,8,7
E061,2025-01-04,8,0
E061,2025-01-05,8,3
E061,2025-01-06,8,5
E061,2025-01-07,8,4
E061,2025-01-08,8,0
E061,2025-01-09,8,8
E061,2025-01-10,8,5
E061,2025-01-11,8,3
E061,2025-01-12,8,6
E061,2025-01-13,8,0
E061,2025-01-14,8,3
E061,2025-01-15,8,3
E061,2025-01-16,8,0
E061,2025-01-17,8,5
E061,2025-01-18,8,0
E061,2025-01-19,8,3
E061,2025-01-20,8,4
E061,2025-01-21,8,8
E061,2025-01-22,8,3
E061,2025-01-23,8,0
E061,2025-01-24,8,5
E061,2025-01-25,8,0
E061,2025-01-26,8,0
E061,2025-01-27,8,0
E061,2025-01-28,8,3
E061,2025-01-29,8,0
E061,2025-01-30,8,5
E062,2025-01-01,8,0
E062,2025-01-02,8,4
E062,2025-01-03,8,0
E062,2025-01-04,8,5
E062,2025-01-05,8,0
E062,2025-01-06,8,0
E062,2025-01-07,8,4
E062,2025-01-08,8,7
E062,2025-01-09,8,4
E062,2025-01-10,8,3
E062,2025-01-11,8,7
E062,2025-01-12,8,0
E062,2025-01-13,8,7
E062,2025-01-14,8,6
E062,2025-01-15,8,0
E062,2025-01-16,8,0
E062,2025-01-17,8,6
E062,2025-01-18,8,3
E062,2025-01-19,8,0
E062,2025-01-20,8,7
E062,2025-01-21,8,3
E062,2025-01-22,8,0
E062,2025-01-23,8,4
E062,2025-01-24,8,4
E062,2025-01-25,8,3
E062,2025-01-26,8,0
E062,2025-01-27,8,8
E062,2025-01-28,8,0
E062,2025-01-29,8,8
E062,2025-01-30,8,7
E063,2025-01-01,8,5
E063,2025-01-02,8,3
E063,2025-01-03,8,0
E063,2025-01-04,8,0
E063,2025-01-05,8,5
E063,2025-01-06,8,0
E063,2025-01-07,8,8
E063,2025-01-08,8,0
E063,2025-01-09,8,6
E063,2025-01-10,8,4
E063,2025-01-11,8,3
E063,2025-01-12,8,5
E063,2025-01-13,8,6
E063,2025-01-14,8,6
E063,2025-01-15,8,0
E063,2025-01-16,8,0
E063,2025-01-17,8,4
E063,2025-01-18,8,6
E063,2025-01-19,8,7
E063,2025-01-20,8,0
E063,2025-01-21,8,6
E063,2025-01-22,8,8
E063,2025-01-23,8,3
E063,2025-01-24,8,0
E063,2025-01-25,8,5
E063,2025-01-26,8,5
E063,2025-01-27,8,5
E063,2025-01-28,8,6
E063,2025-01-29,8,4
E063,2025-01-30,8,5
E064,2025-01-01,8,0
E064,2025-01-02,8,5
E064,2025-01-03,8,0
E064,2025-01-04,8,4
E064,2025-01-05,8,0
E064,2025-01-06,8,6
E064,2025-01-07,8,0
E064,2025-01-08,8,3
E064,2025-01-09,8,3
E064,2025-01-10,8,8
E064,2025-01-11,8,0
E064,2025-01-12,8,7
E064,2025-01-13,8,4
E064,2025-01-14,8,4
E064,2025-01-15,8,4
E064,2025-01-16,8,6
E064,2025-01-17,8,5
E064,2025-01-18,8,5
E064,2025-01-19,8,6
E064,2025-01-20,8,0
E064,2025-01-21,8,8
E064,2025-01-22,8,4
E064,2025-01-23,8,6
E064,2025-01-24,8,0
E064,2025-01-25,8,6
E064,2025-01-26,8,5
E064,2025-01-27,8,5
E064,2025-01-28,8,5
E064,2025-01-29,8,6
E064,2025-01-30,8,4
E065,2025-01-01,8,4
E065,2025-01-02,8,8
E065,2025-01-03,8,5
E065,2025-01-04,8,0
E065,2025-01-05,8,8
E065,2025-01-06,8,6
E065,2025-01-07,8,8
E065,2025-01-08,8,7
E065,2025-01-09,8,4
E065,2025-01-10,8,7
E065,2025-01-11,8,8
E065,2025-01-12,8,6
E065,2025-01-13,8,0
E065,2025-01-14,8,6
E065,2025-01-15,8,4
E065,2025-01-16,8,0
E065,2025-01-17,8,8
E065,2025-01-18,8,0
E065,2025-01-19,8,3
E065,2025-01-20,8,7
E065,2025-01-21,8,5
E065,2025-01-22,8,6
E065,2025-01-23,8,5
E065,2025-01-24,8,8
E065,2025-01-25,8,5
E065,2025-01-26,8,8
E065,2025-01-27,8,4
E065,2025-01-28,8,7
E065,2025-01-29,8,3
E065,2025-01-30,8,0
E066,2025-01-01,8,8
E066,2025-01-02,8,8
E066,2025-01-03,8,8
E066,2025-01-04,8,0
E066,2025-01-05,8,5
E066,2025-01-06,8,0
E066,2025-01-07,8,0
E066,2025-01-08,8,0
E066,2025-01-09,8,7
E066,2025-01-10,8,5
E066,2025-01-11,8,8
E066,2025-01-12,8,0
E066,2025-01-13,8,7
E066,2025-01-14,8,4
E066,2025-01-15,8,5
E066,2025-01-16,8,6
E066,2025-01-17,8,8
E066,2025-01-18,8,8
E066,2025-01-19,8,8
E066,2025-01-20,8,8
E066,2025-01-21,8,4
E066,2025-01-22,8,4
E066,2025-01-23,8,6
E066,2025-01-24,8,5
E066,2025-01-25,8,7
E066,2025-01-26,8,6
E066,2025-01-27,8,6
E066,2025-01-28,8,8
E066,2025-01-29,8,6
E066,2025-01-30,8,7
E067,2025-01-01,8,8
E067,2025-01-02,8,0
E067,2025-01-03,8,6
E067,2025-01-04,8,4
E067,2025-01-05,8,4
E067,2025-01-06,8,6
E067,2025-01-07,8,0
E067,2025-01-08,8,5
E067,2025-01-09,8,3
E067,2025-01-10,8,0
E067,2025-01-11,8,8
E067,2025-01-12,8,5
E067,2025-01-13,8,3
E067,2025-01-14,8,0
E067,2025-01-15,8,4
E067,2025-01-16,8,7
E067,2025-01-17,8,6
E067,2025-01-18,8,4
E067,2025-01-19,8,0
E067,2025-01-20,8,0
E067,2025-01-21,8,0
E067,2025-01-22,8,0
E067,2025-01-23,8,0
E067,2025-01-24,8,0
E067,2025-01-25,8,3
E067,2025-01-26,8,8
E067,2025-01-27,8,3
E067,2025-01-28,8,7
E067,2025-01-29,8,3
E067,2025-01-30,8,8
E068,2025-01-01,8,4
E068,2025-01-02,8,5
E068,2025-01-03,8,3
E068,2025-01-04,8,0
E068,2025-01-05,8,4
E068,2025-01-06,8,3
E068,2025-01-07,8,5
E068,2025-01-08,8,0
E068,2025-01-09,8,6
E068,2025-01-10,8,5
E068,2025-01-11,8,0
E068,2025-01-12,8,4
E068,2025-01-13,8,6
E068,2025-01-14,8,4
E068,2025-01-15,8,8
E068,2025-01-16,8,4
E068,2025-01-17,8,7
E068,2025-01-18,8,3
E068,2025-01-19,8,8
E068,2025-01-20,8,6
E068,2025-01-21,8,7
E068,2025-01-22,8,7
E068,2025-01-23,8,8
E068,2025-01-24,8,8
E068,2025-01-25,8,3
E068,2025-01-26,8,6
E068,2025-01-27,8,0
E068,2025-01-28,8,0
E068,2025-01-29,8,7
E068,2025-01-30,8,6
E069,2025-01-01,8,4
E069,2025-01-02,8,5
E069,2025-01-03,8,0
E069,2025-01-04,8,8
E069,2025-01-05,8,7
E069,2025-01-06,8,6
E069,2025-01-07,8,7
E069,2025-01-08,8,5
E069,2025-01-09,8,3
E069,2025-01-10,8,0
E069,2025-01-11,8,7
E069,2025-01-12,8,5
E069,2025-01-13,8,5
E069,2025-01-14,8,0
E069,2025-01-15,8,4
E069,2025-01-16,8,7
E069,2025-01-17,8,0
E069,2025-01-18,8,8
E069,2025-01-19,8,0
E069,2025-01-20,8,4
E069,2025-01-21,8,3
E069,2025-01-22,8,3
E069,2025-01-23,8,0
E069,2025-01-24,8,3
E069,2025-01-25,8,8
E069,2025-01-26,8,5
E069,2025-01-27,8,6
E069,2025-01-28,8,5
E069,2025-01-29,8,0
E069,2025-01-30,8,3
E070,2025-01-01,8,3
E070,2025-01-02,8,5
E070,2025-01-03,8,6
E070,2025-01-04,8,3
E070,2025-01-05,8,3
E070,2025-01-06,8,8
E070,2025-01-07,8,5
E070,2025-01-08,8,6
E070,2025-01-09,8,8
E070,2025-01-10,8,5
E070,2025-01-11,8,4
E070,2025-01-12,8,6
E070,2025-01-13,8,0
E070,2025-01-14,8,0
E070,2025-01-15,8,6
E070,2025-01-16,8,0
E070,2025-01-17,8,0
E070,2025-01-18,8,3
E070,2025-01-19,8,8
E070,2025-01-20,8,4
E070,2025-01-21,8,6
E070,2025-01-22,8,0
E070,2025-01-23,8,0
E070,2025-01-24,8,7
E070,2025-01-25,8,0
E070,2025-01-26,8,7
E070,2025-01-27,8,8
E070,2025-01-28,8,6
E070,2025-01-29,8,0
E070,2025-01-30,8,6
E071,2025-01-01,8,0
E071,2025-01-02,8,3
E071,2025-01-03,8,8
E071,2025-01-04,8,3
E071,2025-01-05,8,8
E071,2025-01-06,8,7
E071,2025-01-07,8,6
E071,2025-01-08,8,6
E071,2025-01-09,8,8
E071,2025-01-10,8,0
E071,2025-01-11,8,7
E071,2025-01-12,8,3
E071,2025-01-13,8,7
E071,2025-01-14,8,0
E071,2025-01-15,8,0
E071,2025-01-16,8,3
E071,2025-01-17,8,0
E071,2025-01-18,8,4
E071,2025-01-19,8,5
E071,2025-01-20,8,7
E071,2025-01-21,8,7
E071,2025-01-22,8,0
E071,2025-01-23,8,0
E071,2025-01-24,8,3
E071,2025-01-25,8,0
E071,2025-01-26,8,0
E071,2025-01-27,8,0
E071,2025-01-28,8,6
E071,2025-01-29,8,0
E071,2025-01-30,8,3
E072,2025-01-01,8,0
E072,2025-01-02,8,3
E072,2025-01-03,8,0
E072,2025-01-04,8,0
E072,2025-01-05,8,7
E072,2025-01-06,8,3
E072,2025-01-07,8,7
E072,2025-01-08,8,8
E072,2025-01-09,8,0
E072,2025-01-10,8,5
E072,2025-01-11,8,4
E072,2025-01-12,8,0
E072,2025-01-13,8,7
E072,2025-01-14,8,0
E072,2025-01-15,8,8
E072,2025-01-16,8,0
E072,2025-01-17,8,3
E072,2025-01-18,8,3
E072,2025-01-19,8,5
E072,2025-01-20,8,7
E072,2025-01-21,8,8
E072,2025-01-22,8,3
E072,2025-01-23,8,6
E072,2025-01-24,8,8
E072,2025-01-25,8,0
E072,2025-01-26,8,5
E072,2025-01-27,8,4
E072,2025-01-28,8,6
E072,2025-01-29,8,6
E072,2025-01-30,8,8
E073,2025-01-01,8,3
E073,2025-01-02,8,0
E073,2025-01-03,8,8
E073,2025-01-04,8,6
E073,2025-01-05,8,0
E073,2025-01-06,8,6
E073,2025-01-07,8,7
E073,2025-01-08,8,7
E073,2025-01-09,8,0
E073,2025-01-10,8,0
E073,2025-01-11,8,8
E073,2025-01-12,8,8
E073,2025-01-13,8,3
E073,2025-01-14,8,0
E073,2025-01-15,8,7
E073,2025-01-16,8,0
E073,2025-01-17,8,0
E073,2025-01-18,8,5
E073,2025-01-19,8,0
E073,2025-01-20,8,5
E073,2025-01-21,8,0
E073,2025-01-22,8,4
E073,2025-01-23,8,0
E073,2025-01-24,8,8
E073,2025-01-25,8,8
E073,2025-01-26,8,4
E073,2025-01-27,8,7
E073,2025-01-28,8,8
E073,2025-01-29,8,8
E073,2025-01-30,8,8
E074,2025-01-01,8,7
E074,2025-01-02,8,8
E074,2025-01-03,8,5
E074,2025-01-04,8,0
E074,2025-01-05,8,0
E074,2025-01-06,8,6
E074,2025-01-07,8,7
E074,2025-01-08,8,3
E074,2025-01-09,8,0
E074,2025-01-10,8,3
E074,2025-01-11,8,4
E074,2025-01-12,8,4
E074,2025-01-13,8,8
E074,2025-01-14,8,4
E074,2025-01-15,8,8
E074,2025-01-16,8,4
E074,2025-01-17,8,5
E074,2025-01-18,8,0
E074,2025-01-19,8,7
E074,2025-01-20,8,8
E074,2025-01-21,8,0
E074,2025-01-22,8,7
E074,2025-01-23,8,8
E074,2025-01-24,8,6
E074,2025-01-25,8,0
E074,2025-01-26,8,0
E074,2025-01-27,8,7
E074,2025-01-28,8,3
E074,2025-01-29,8,4
E074,2025-01-30,8,0
E075,2025-01-01,8,8
E075,2025-01-02,8,7
E075,2025-01-03,8,8
E075,2025-01-04,8,5
E075,2025-01-05,8,0
E075,2025-01-06,8,8
E075,2025-01-07,8,4
E075,2025-01-08,8,8
E075,2025-01-09,8,6
E075,2025-01-10,8,6
E075,2025-01-11,8,7
E075,2025-01-12,8,4
E075,2025-01-13,8,7
E075,2025-01-14,8,3
E075,2025-01-15,8,6
E075,2025-01-16,8,3
E075,2025-01-17,8,5
E075,2025-01-18,8,8
E075,2025-01-19,8,6
E075,2025-01-20,8,3
E075,2025-01-21,8,7
E075,2025-01-22,8,4
E075,2025-01-23,8,7
E075,2025-01-24,8,6
E075,2025-01-25,8,0
E075,2025-01-26,8,5
E075,2025-01-27,8,4
E075,2025-01-28,8,5
E075,2025-01-29,8,5
E075,2025-01-30,8,7
E076,2025-01-01,8,0
E076,2025-01-02,8,3
E076,2025-01-03,8,6
E076,2025-01-04,8,8
E076,2025-01-05,8,3
E076,2025-01-06,8,6
E076,2025-01-07,8,6
E076,2025-01-08,8,7
E076,2025-01-09,8,3
E076,2025-01-10,8,7
E076,2025-01-11,8,0
E076,2025-01-12,8,0
E076,2025-01-13,8,5
E076,2025-01-14,8,5
E076,2025-01-15,8,3
E076,2025-01-16,8,7
E076,2025-01-17,8,8
E076,2025-01-18,8,4
E076,2025-01-19,8,8
E076,2025-01-20,8,0
E076,2025-01-21,8,4
E076,2025-01-22,8,0
E076,2025-01-23,8,8
E076,2025-01-24,8,3
E076,2025-01-25,8,0
E076,2025-01-26,8,3
E076,2025-01-27,8,3
E076,2025-01-28,8,4
E076,2025-01-29,8,7
E076,2025-01-30,8,7
E077,2025-01-01,8,5
E077,2025-01-02,8,0
E077,2025-01-03,8,0
E077,2025-01-04,8,0
E077,2025-01-05,8,0
E077,2025-01-06,8,0
E077,2025-01-07,8,3
E077,2025-01-08,8,0
E077,2025-01-09,8,7
E077,2025-01-10,8,8
E077,2025-01-11,8,8
E077,2025-01-12,8,8
E077,2025-01-13,8,5
E077,2025-01-14,8,5
E077,2025-01-15,8,7
E077,2025-01-16,8,5
E077,2025-01-17,8,0
E077,2025-01-18,8,0
E077,2025-01-19,8,0
E077,2025-01-20,8,6
E077,2025-01-21,8,7
E077,2025-01-22,8,4
E077,2025-01-23,8,0
E077,2025-01-24,8,8
E077,2025-01-25,8,5
E077,2025-01-26,8,3
E077,2025-01-27,8,3
E077,2025-01-28,8,3
E077,2025-01-29,8,0
E077,2025-01-30,8,5
E078,2025-01-01,8,8
E078,2025-01-02,8,4
E078,2025-01-03,8,0
E078,2025-01-04,8,4
E078,2025-01-05,8,4
E078,2025-01-06,8,4
E078,2025-01-07,8,4
E078,2025-01-08,8,7
E078,2025-01-09,8,0
E078,2025-01-10,8,5
E078,2025-01-11,8,5
E078,2025-01-12,8,4
E078,2025-01-13,8,0
E078,2025-01-14,8,5
E078,2025-01-15,8,8
E078,2025-01-16,8,3
E078,2025-01-17,8,7
E078,2025-01-18,8,4
E078,2025-01-19,8,6
E078,2025-01-20,8,0
E078,2025-01-21,8,7
E078,2025-01-22,8,8
E078,2025-01-23,8,7
E078,2025-01-24,8,5
E078,2025-01-25,8,0
E078,2025-01-26,8,3
E078,2025-01-27,8,4
E078,2025-01-28,8,8
E078,2025-01-29,8,0
E078,2025-01-30,8,5
E079,2025-01-01,8,8
E079,2025-01-02,8,6
E079,2025-01-03,8,0
E079,2025-01-04,8,0
E079,2025-01-05,8,5
E079,2025-01-06,8,0
E079,2025-01-07,8,4
E079,2025-01-08,8,5
E079,2025-01-09,8,7
E079,2025-01-10,8,5
E079,2025-01-11,8,8
E079,2025-01-12,8,3
E079,2025-01-13,8,7
E079,2025-01-14,8,0
E079,2025-01-15,8,3
E079,2025-01-16,8,7
E079,2025-01-17,8,0
E079,2025-01-18,8,5
E079,2025-01-19,8,0
E079,2025-01-20,8,7
E079,2025-01-21,8,4
E079,2025-01-22,8,0
E079,2025-01-23,8,6
E079,2025-01-24,8,7
E079,2025-01-25,8,8
E079,2025-01-26,8,7
E079,2025-01-27,8,7
E079,2025-01-28,8,6
E079,2025-01-29,8,4
E079,2025-01-30,8,8
E080,2025-01-01,8,0
E080,2025-01-02,8,3
E080,2025-01-03,8,6
E080,2025-01-04,8,3
E080,2025-01-05,8,5
E080,2025-01-06,8,3
E080,2025-01-07,8,7
E080,2025-01-08,8,6
E080,2025-01-09,8,0
E080,2025-01-10,8,0
E080,2025-01-11,8,3
E080,2025-01-12,8,3
E080,2025-01-13,8,8
E080,2025-01-14,8,7
E080,2025-01-15,8,6
E080,2025-01-16,8,0
E080,2025-01-17,8,7
E080,2025-01-18,8,7
E080,2025-01-19,8,6
E080,2025-01-20,8,7
E080,2025-01-21,8,0
E080,2025-01-22,8,5
E080,2025-01-23,8,0
E080,2025-01-24,8,0
E080,2025-01-25,8,7
E080,2025-01-26,8,6
E080,2025-01-27,8,4
E080,2025-01-28,8,7
E080,2025-01-29,8,4
E080,2025-01-30,8,4
E081,2025-01-01,8,5
E081,2025-01-02,8,8
E081,2025-01-03,8,6
E081,2025-01-04,8,8
E081,2025-01-05,8,6
E081,2025-01-06,8,0
E081,2025-01-07,8,0
E081,2025-01-08,8,7
E081,2025-01-09,8,8
E081,2025-01-10,8,0
E081,2025-01-11,8,4
E081,2025-01-12,8,4
E081,2025-01-13,8,4
E081,2025-01-14,8,7
E081,2025-01-15,8,3
E081,2025-01-16,8,5
E081,2025-01-17,8,7
E081,2025-01-18,8,0
E081,2025-01-19,8,8
E081,2025-01-20,8,3
E081,2025-01-21,8,6
E081,2025-01-22,8,0
E081,2025-01-23,8,0
E081,2025-01-24,8,4
E081,2025-01-25,8,0
E081,2025-01-26,8,7
E081,2025-01-27,8,7
E081,2025-01-28,8,4
E081,2025-01-29,8,6
E081,2025-01-30,8,4
E082,2025-01-01,8,0
E082,2025-01-02,8,0
E082,2025-01-03,8,3
E082,2025-01-04,8,4
E082,2025-01-05,8,0
E082,2025-01-06,8,7
E082,2025-01-07,8,4
E082,2025-01-08,8,0
E082,2025-01-09,8,7
E082,2025-01-10,8,3
E082,2025-01-11,8,0
E082,2025-01-12,8,7
E082,2025-01-13,8,8
E082,2025-01-14,8,0
E082,2025-01-15,8,0
E082,2025-01-16,8,3
E082,2025-01-17,8,0
E082,2025-01-18,8,6
E082,2025-01-19,8,0
E082,2025-01-20,8,7
E082,2025-01-21,8,6
E082,2025-01-22,8,5
E082,2025-01-23,8,0
E082,2025-01-24,8,3
E082,2025-01-25,8,7
E082,2025-01-26,8,0
E082,2025-01-27,8,4
E082,2025-01-28,8,8
E082,2025-01-29,8,7
E082,2025-01-30,8,7
E083,2025-01-01,8,6
E083,2025-01-02,8,8
E083,2025-01-03,8,6
E083,2025-01-04,8,3
E083,2025-01-05,8,6
E083,2025-01-06,8,5
E083,2025-01-07,8,0
E083,2025-01-08,8,7
E083,2025-01-09,8,8
E083,2025-01-10,8,0
E083,2025-01-11,8,6
E083,2025-01-12,8,0
E083,2025-01-13,8,5
E083,2025-01-14,8,0
E083,2025-01-15,8,5
E083,2025-01-16,8,8
E083,2025-01-17,8,0
E083,2025-01-18,8,8
E083,2025-01-19,8,8
E083,2025-01-20,8,6
E083,2025-01-21,8,3
E083,2025-01-22,8,7
E083,2025-01-23,8,0
E083,2025-01-24,8,7
E083,2025-01-25,8,4
E083,2025-01-26,8,0
E083,2025-01-27,8,3
E083,2025-01-28,8,6
E083,2025-01-29,8,0
E083,2025-01-30,8,3
E084,2025-01-01,8,4
E084,2025-01-02,8,3
E084,2025-01-03,8,8
E084,2025-01-04,8,0
E084,2025-01-05,8,0
E084,2025-01-06,8,8
E084,2025-01-07,8,4
E084,2025-01-08,8,0
E084,2025-01-09,8,0
E084,2025-01-10,8,4
E084,2025-01-11,8,4
E084,2025-01-12,8,7
E084,2025-01-13,8,7
E084,2025-01-14,8,8
E084,2025-01-15,8,5
E084,2025-01-16,8,8
E084,2025-01-17,8,4
E084,2025-01-18,8,5
E084,2025-01-19,8,0
E084,2025-01-20,8,8
E084,2025-01-21,8,0
E084,2025-01-22,8,0
E084,2025-01-23,8,7
E084,2025-01-24,8,8
E084,2025-01-25,8,3
E084,2025-01-26,8,8
E084,2025-01-27,8,5
E084,2025-01-28,8,4
E084,2025-01-29,8,6
E084,2025-01-30,8,0
E085,2025-01-01,8,5
E085,2025-01-02,8,6
E085,2025-01-03,8,7
E085,2025-01-04,8,7
E085,2025-01-05,8,5
E085,2025-01-06,8,7
E085,2025-01-07,8,7
E085,2025-01-08,8,8
E085,2025-01-09,8,0
E085,2025-01-10,8,0
E085,2025-01-11,8,0
E085,2025-01-12,8,5
E085,2025-01-13,8,0
E085,2025-01-14,8,0
E085,2025-01-15,8,6
E085,2025-01-16,8,5
E085,2025-01-17,8,6
E085,2025-01-18,8,8
E085,2025-01-19,8,5
E085,2025-01-20,8,0
E085,2025-01-21,8,7
E085,2025-01-22,8,8
E085,2025-01-23,8,4
E085,2025-01-24,8,3
E085,2025-01-25,8,0
E085,2025-01-26,8,3
E085,2025-01-27,8,6
E085,2025-01-28,8,5
E085,2025-01-29,8,7
E085,2025-01-30,8,4
E086,2025-01-01,8,6
E086,2025-01-02,8,4
E086,2025-01-03,8,5
E086,2025-01-04,8,4
E086,2025-01-05,8,4
E086,2025-01-06,8,4
E086,2025-01-07,8,3
E086,2025-01-08,8,8
E086,2025-01-09,8,0
E086,2025-01-10,8,7
E086,2025-01-11,8,6
E086,2025-01-12,8,7
E086,2025-01-13,8,6
E086,2025-01-14,8,6
E086,2025-01-15,8,7
E086,2025-01-16,8,6
E086,2025-01-17,8,7
E086,2025-01-18,8,3
E086,2025-01-19,8,0
E086,2025-01-20,8,0
E086,2025-01-21,8,7
E086,2025-01-22,8,6
E086,2025-01-23,8,6
E086,2025-01-24,8,8
E086,2025-01-25,8,0
E086,2025-01-26,8,8
E086,2025-01-27,8,3
E086,2025-01-28,8,6
E086,2025-01-29,8,5
E086,2025-01-30,8,7
E087,2025-01-01,8,4
E087,2025-01-02,8,4
E087,2025-01-03,8,6
E087,2025-01-04,8,5
E087,2025-01-05,8,6
E087,2025-01-06,8,0
E087,2025-01-07,8,6
E087,2025-01-08,8,5
E087,2025-01-09,8,0
E087,2025-01-10,8,6
E087,2025-01-11,8,7
E087,2025-01-12,8,7
E087,2025-01-13,8,3
E087,2025-01-14,8,4
E087,2025-01-15,8,0
E087,2025-01-16,8,0
E087,2025-01-17,8,4
E087,2025-01-18,8,6
E087,2025-01-19,8,4
E087,2025-01-20,8,0
E087,2025-01-21,8,0
E087,2025-01-22,8,8
E087,2025-01-23,8,6
E087,2025-01-24,8,5
E087,2025-01-25,8,6
E087,2025-01-26,8,8
E087,2025-01-27,8,3
E087,2025-01-28,8,5
E087,2025-01-29,8,0
E087,2025-01-30,8,6
E088,2025-01-01,8,5
E088,2025-01-02,8,5
E088,2025-01-03,8,5
E088,2025-01-04,8,6
E088,2025-01-05,8,5
E088,2025-01-06,8,7
E088,2025-01-07,8,5
E088,2025-01-08,8,5
E088,2025-01-09,8,0
E088,2025-01-10,8,0
E088,2025-01-11,8,6
E088,2025-01-12,8,6
E088,2025-01-13,8,4
E088,2025-01-14,8,6
E088,2025-01-15,8,0
E088,2025-01-16,8,3
E088,2025-01-17,8,5
E088,2025-01-18,8,5
E088,2025-01-19,8,8
E088,2025-01-20,8,8
E088,2025-01-21,8,7
E088,2025-01-22,8,0
E088,2025-01-23,8,6
E088,2025-01-24,8,8
E088,2025-01-25,8,0
E088,2025-01-26,8,0
E088,2025-01-27,8,4
E088,2025-01-28,8,4
E088,2025-01-29,8,8
E088,2025-01-30,8,8
E089,2025-01-01,8,4
E089,2025-01-02,8,6
E089,2025-01-03,8,3
E089,2025-01-04,8,6
E089,2025-01-05,8,3
E089,2025-01-06,8,0
E089,2025-01-07,8,3
E089,2025-01-08,8,7
E089,2025-01-09,8,3
E089,2025-01-10,8,0
E089,2025-01-11,8,4
E089,2025-01-12,8,8
E089,2025-01-13,8,6
E089,2025-01-14,8,4
E089,2025-01-15,8,3
E089,2025-01-16,8,8
E089,2025-01-17,8,5
E089,2025-01-18,8,0
E089,2025-01-19,8,0
E089,2025-01-20,8,7
E089,2025-01-21,8,0
E089,2025-01-22,8,8
E089,2025-01-23,8,7
E089,2025-01-24,8,0
E089,2025-01-25,8,0
E089,2025-01-26,8,5
E089,2025-01-27,8,0
E089,2025-01-28,8,3
E089,2025-01-29,8,0
E089,2025-01-30,8,5
E090,2025-01-01,8,0
E090,2025-01-02,8,4
E090,2025-01-03,8,3
E090,2025-01-04,8,7
E090,2025-01-05,8,5
E090,2025-01-06,8,6
E090,2025-01-07,8,8
E090,2025-01-08,8,0
E090,2025-01-09,8,0
E090,2025-01-10,8,3
E090,2025-01-11,8,0
E090,2025-01-12,8,7
E090,2025-01-13,8,3
E090,2025-01-14,8,4
E090,2025-01-15,8,0
E090,2025-01-16,8,0
E090,2025-01-17,8,0
E090,2025-01-18,8,4
E090,2025-01-19,8,0
E090,2025-01-20,8,0
E090,2025-01-21,8,5
E090,2025-01-22,8,6
E090,2025-01-23,8,7
E090,2025-01-24,8,5
E090,2025-01-25,8,6
E090,2025-01-26,8,3
E090,2025-01-27,8,4
E090,2025-01-28,8,3
E090,2025-01-29,8,0
E090,2025-01-30,8,0
E091,2025-01-01,8,8
E091,2025-01-02,8,0
E091,2025-01-03,8,5
E091,2025-01-04,8,4
E091,2025-01-05,8,7
E091,2025-01-06,8,4
E091,2025-01-07,8,5
E091,2025-01-08,8,4
E091,2025-01-09,8,0
E091,2025-01-10,8,4
E091,2025-01-11,8,4
E091,2025-01-12,8,6
E091,2025-01-13,8,5
E091,2025-01-14,8,0
E091,2025-01-15,8,6
E091,2025-01-16,8,6
E091,2025-01-17,8,5
E091,2025-01-18,8,4
E091,2025-01-19,8,5
E091,2025-01-20,8,0
E091,2025-01-21,8,7
E091,2025-01-22,8,0
E091,2025-01-23,8,4
E091,2025-01-24,8,6
E091,2025-01-25,8,3
E091,2025-01-26,8,6
E091,2025-01-27,8,0
E091,2025-01-28,8,8
E091,2025-01-29,8,4
E091,2025-01-30,8,0
E092,2025-01-01,8,7
E092,2025-01-02,8,6
E092,2025-01-03,8,0
E092,2025-01-04,8,5
E092,2025-01-05,8,8
E092,2025-01-06,8,8
E092,2025-01-07,8,5
E092,2025-01-08,8,0
E092,2025-01-09,8,4
E092,2025-01-10,8,3
E092,2025-01-11,8,3
E092,2025-01-12,8,8
E092,2025-01-13,8,0
E092,2025-01-14,8,3
E092,2025-01-15,8,5
E092,2025-01-16,8,6
E092,2025-01-17,8,3
E092,2025-01-18,8,7
E092,2025-01-19,8,0
E092,2025-01-20,8,5
E092,2025-01-21,8,4
E092,2025-01-22,8,6
E092,2025-01-23,8,8
E092,2025-01-24,8,8
E092,2025-01-25,8,3
E092,2025-01-26,8,8
E092,2025-01-27,8,8
E092,2025-01-28,8,4
E092,2025-01-29,8,0
E092,2025-01-30,8,5
E093,2025-01-01,8,6
E093,2025-01-02,8,3
E093,2025-01-03,8,0
E093,2025-01-04,8,8
E093,2025-01-05,8,5
E093,2025-01-06,8,6
E093,2025-01-07,8,0
E093,2025-01-08,8,7
E093,2025-01-09,8,0
E093,2025-01-10,8,7
E093,2025-01-11,8,7
E093,2025-01-12,8,5
E093,2025-01-13,8,0
E093,2025-01-14,8,7
E093,2025-01-15,8,3
E093,2025-01-16,8,6
E093,2025-01-17,8,5
E093,2025-01-18,8,6
E093,2025-01-19,8,8
E093,2025-01-20,8,0
E093,2025-01-21,8,3
E093,2025-01-22,8,7
E093,2025-01-23,8,5
E093,2025-01-24,8,8
E093,2025-01-25,8,0
E093,2025-01-26,8,7
E093,2025-01-27,8,0
E093,2025-01-28,8,7
E093,2025-01-29,8,5
E093,2025-01-30,8,0
E094,2025-01-01,8,3
E094,2025-01-02,8,7
E094,2025-01-03,8,3
E094,2025-01-04,8,4
E094,2025-01-05,8,4
E094,2025-01-06,8,6
E094,2025-01-07,8,3
E094,2025-01-08,8,7
E094,2025-01-09,8,0
E094,2025-01-10,8,0
E094,2025-01-11,8,3
E094,2025-01-12,8,4
E094,2025-01-13,8,3
E094,2025-01-14,8,8
E094,2025-01-15,8,0
E094,2025-01-16,8,6
E094,2025-01-17,8,5
E094,2025-01-18,8,0
E094,2025-01-19,8,8
E094,2025-01-20,8,7
E094,2025-01-21,8,7
E094,2025-01-22,8,8
E094,2025-01-23,8,5
E094,2025-01-24,8,4
E094,2025-01-25,8,3
E094,2025-01-26,8,7
E094,2025-01-27,8,0
E094,2025-01-28,8,4
E094,2025-01-29,8,7
E094,2025-01-30,8,7
E095,2025-01-01,8,0
E095,2025-01-02,8,8
E095,2025-01-03,8,8
E095,2025-01-04,8,0
E095,2025-01-05,8,0
E095,2025-01-06,8,4
E095,2025-01-07,8,7
E095,2025-01-08,8,0
E095,2025-01-09,8,8
E095,2025-01-10,8,7
E095,2025-01-11,8,0
E095,2025-01-12,8,5
E095,2025-01-13,8,5
E095,2025-01-14,8,0
E095,2025-01-15,8,0
E095,2025-01-16,8,7
E095,2025-01-17,8,7
E095,2025-01-18,8,6
E095,2025-01-19,8,5
E095,2025-01-20,8,0
E095,2025-01-21,8,0
E095,2025-01-22,8,0
E095,2025-01-23,8,8
E095,2025-01-24,8,5
E095,2025-01-25,8,7
E095,2025-01-26,8,5
E095,2025-01-27,8,5
E095,2025-01-28,8,4
E095,2025-01-29,8,3
E095,2025-01-30,8,7
E096,2025-01-01,8,3
E096,2025-01-02,8,6
E096,2025-01-03,8,4
E096,2025-01-04,8,5
E096,2025-01-05,8,7
E096,2025-01-06,8,4
E096,2025-01-07,8,5
E096,2025-01-08,8,7
E096,2025-01-09,8,0
E096,2025-01-10,8,8
E096,2025-01-11,8,8
E096,2025-01-12,8,6
E096,2025-01-13,8,6
E096,2025-01-14,8,7
E096,2025-01-15,8,3
E096,2025-01-16,8,0
E096,2025-01-17,8,3
E096,2025-01-18,8,5
E096,2025-01-19,8,0
E096,2025-01-20,8,0
E096,2025-01-21,8,4
E096,2025-01-22,8,8
E096,2025-01-23,8,0
E096,2025-01-24,8,5
E096,2025-01-25,8,5
E096,2025-01-26,8,5
E096,2025-01-27,8,4
E096,2025-01-28,8,8
E096,2025-01-29,8,0
E096,2025-01-30,8,0
E097,2025-01-01,8,4
E097,2025-01-02,8,0
E097,2025-01-03,8,6
E097,2025-01-04,8,4
E097,2025-01-05,8,3
E097,2025-01-06,8,0
E097,2025-01-07,8,7
E097,2025-01-08,8,0
E097,2025-01-09,8,3
E097,2025-01-10,8,0
E097,2025-01-11,8,0
E097,2025-01-12,8,4
E097,2025-01-13,8,0
E097,2025-01-14,8,6
E097,2025-01-15,8,0
E097,2025-01-16,8,7
E097,2025-01-17,8,4
E097,2025-01-18,8,5
E097,2025-01-19,8,0
E097,2025-01-20,8,8
E097,2025-01-21,8,3
E097,2025-01-22,8,0
E097,2025-01-23,8,0
E097,2025-01-24,8,5
E097,2025-01-25,8,5
E097,2025-01-26,8,7
E097,2025-01-27,8,5
E097,2025-01-28,8,5
E097,2025-01-29,8,0
E097,2025-01-30,8,6
E098,2025-01-01,8,4
E098,2025-01-02,8,8
E098,2025-01-03,8,4
E098,2025-01-04,8,3
E098,2025-01-05,8,4
E098,2025-01-06,8,5
E098,2025-01-07,8,5
E098,2025-01-08,8,5
E098,2025-01-09,8,0
E098,2025-01-10,8,0
E098,2025-01-11,8,5
E098,2025-01-12,8,8
E098,2025-01-13,8,4
E098,2025-01-14,8,7
E098,2025-01-15,8,0
E098,2025-01-16,8,8
E098,2025-01-17,8,6
E098,2025-01-18,8,5
E098,2025-01-19,8,3
E098,2025-01-20,8,4
E098,2025-01-21,8,3
E098,2025-01-22,8,0
E098,2025-01-23,8,3
E098,2025-01-24,8,0
E098,2025-01-25,8,8
E098,2025-01-26,8,3
E098,2025-01-27,8,5
E098,2025-01-28,8,0
E098,2025-01-29,8,6
E098,2025-01-30,8,5
E099,2025-01-01,8,0
E099,2025-01-02,8,4
E099,2025-01-03,8,7
E099,2025-01-04,8,0
E099,2025-01-05,8,3
E099,2025-01-06,8,7
E099,2025-01-07,8,5
E099,2025-01-08,8,0
E099,2025-01-09,8,0
E099,2025-01-10,8,3
E099,2025-01-11,8,8
E099,2025-01-12,8,5
E099,2025-01-13,8,4
E099,2025-01-14,8,3
E099,2025-01-15,8,6
E099,2025-01-16,8,7
E099,2025-01-17,8,4
E099,2025-01-18,8,5
E099,2025-01-19,8,0
E099,2025-01-20,8,3
E099,2025-01-21,8,0
E099,2025-01-22,8,6
E099,2025-01-23,8,7
E099,2025-01-24,8,6
E099,2025-01-25,8,7
E099,2025-01-26,8,6
E099,2025-01-27,8,4
E099,2025-01-28,8,7
E099,2025-01-29,8,4
E099,2025-01-30,8,8
E100,2025-01-01,8,6
E100,2025-01-02,8,8
E100,2025-01-03,8,5
E100,2025-01-04,8,7
E100,2025-01-05,8,4
E100,2025-01-06,8,4
E100,2025-01-07,8,5
E100,2025-01-08,8,0
E100,2025-01-09,8,0
E100,2025-01-10,8,6
E100,2025-01-11,8,4
E100,2025-01-12,8,3
E100,2025-01-13,8,4
E100,2025-01-14,8,7
E100,2025-01-15,8,7
E100,2025-01-16,8,7
E100,2025-01-17,8,4
E100,2025-01-18,8,5
E100,2025-01-19,8,8
E100,2025-01-20,8,0
E100,2025-01-21,8,7
E100,2025-01-22,8,0
E100,2025-01-23,8,4
E100,2025-01-24,8,0
E100,2025-01-25,8,0
E100,2025-01-26,8,0
E100,2025-01-27,8,4
E100,2025-01-28,8,4
E100,2025-01-29,8,6
E100,2025-01-30,8,5
